2024-07-15 16:47:34.50,1.202,3.005,0.968
2024-07-15 16:47:34.60,0.601,3.005,0.0
2024-07-15 16:47:34.70,0.601,3.606,0.484
2024-07-15 16:47:34.80,0.601,3.606,1.936
2024-07-15 16:47:35.00,0.0,3.005,1.452
2024-07-15 16:47:35.00,0.601,3.005,2.42
2024-07-15 16:47:35.10,0.0,3.005,1.936
2024-07-15 16:47:35.30,1.202,3.005,1.936
2024-07-15 16:47:35.40,1.202,3.606,0.484
2024-07-15 16:47:35.50,1.202,3.005,1.452
2024-07-15 16:47:35.60,1.202,3.005,1.936
2024-07-15 16:47:35.70,1.202,3.606,0.968
2024-07-15 16:47:35.80,0.0,3.005,2.42
2024-07-15 16:47:35.90,0.601,2.404,0.968
2024-07-15 16:47:36.00,1.202,3.606,0.968
2024-07-15 16:47:36.10,1.803,3.606,1.936
2024-07-15 16:47:36.20,0.601,3.606,2.42
2024-07-15 16:47:36.30,0.601,3.005,1.452
2024-07-15 16:47:36.40,1.202,2.404,1.452
2024-07-15 16:47:36.50,0.0,3.005,1.936
2024-07-15 16:47:36.60,1.202,3.005,0.968
2024-07-15 16:47:36.70,0.601,3.005,0.968
2024-07-15 16:47:36.80,1.202,2.404,0.968
2024-07-15 16:47:36.90,1.202,3.005,0.968
2024-07-15 16:47:37.00,1.202,3.606,1.452
2024-07-15 16:47:37.10,1.803,3.606,0.968
2024-07-15 16:47:37.20,0.0,3.005,1.452
2024-07-15 16:47:37.30,1.803,2.404,1.452
2024-07-15 16:47:37.40,0.601,2.404,2.42
2024-07-15 16:47:37.50,0.601,3.005,1.452
2024-07-15 16:47:37.60,0.601,3.606,1.936
2024-07-15 16:47:37.70,0.601,3.005,1.452
2024-07-15 16:47:37.80,0.601,3.606,1.936
2024-07-15 16:47:37.90,1.202,3.606,0.0
2024-07-15 16:47:38.00,1.202,3.005,0.968
2024-07-15 16:47:38.10,0.601,3.005,0.968
2024-07-15 16:47:38.20,1.202,3.005,2.42
2024-07-15 16:47:38.30,0.0,3.606,2.42
2024-07-15 16:47:38.40,1.202,3.005,1.452
2024-07-15 16:47:38.50,1.202,2.404,0.0
2024-07-15 16:47:38.60,1.202,2.404,0.968
2024-07-15 16:47:38.70,1.202,3.005,1.936
2024-07-15 16:47:38.80,0.601,2.404,1.936
2024-07-15 16:47:38.90,1.202,3.005,0.968
2024-07-15 16:47:39.00,0.601,3.005,2.42
2024-07-15 16:47:39.10,1.202,3.005,0.968
2024-07-15 16:47:39.20,1.202,3.005,0.968
2024-07-15 16:47:39.30,1.803,3.005,0.968
2024-07-15 16:47:39.40,0.601,2.404,1.936
2024-07-15 16:47:39.50,1.202,3.606,1.936
2024-07-15 16:47:39.60,0.601,2.404,1.936
2024-07-15 16:47:39.70,1.202,3.606,0.484
2024-07-15 16:47:39.80,1.803,2.404,2.42
2024-07-15 16:47:39.90,0.601,3.606,1.936
2024-07-15 16:47:40.00,1.803,3.005,-0.484
2024-07-15 16:47:40.10,0.601,2.404,1.452
2024-07-15 16:47:40.20,0.0,2.404,0.968
2024-07-15 16:47:40.30,0.601,3.005,2.42
2024-07-15 16:47:40.40,0.601,3.005,0.484
2024-07-15 16:47:40.50,0.601,3.005,1.936
2024-07-15 16:47:40.60,0.601,3.005,2.42
2024-07-15 16:47:40.70,0.0,3.005,0.968
2024-07-15 16:47:40.80,1.202,3.606,1.452
2024-07-15 16:47:40.90,1.202,3.005,1.936
2024-07-15 16:47:41.00,0.601,3.005,1.452
2024-07-15 16:47:41.10,0.601,3.005,1.452
2024-07-15 16:47:41.20,0.0,3.606,1.452
2024-07-15 16:47:41.30,0.0,3.005,1.936
2024-07-15 16:47:41.40,1.202,3.005,1.936
2024-07-15 16:47:41.50,0.0,3.005,1.452
2024-07-15 16:47:41.60,1.202,3.606,1.452
2024-07-15 16:47:41.70,0.601,3.005,1.452
2024-07-15 16:47:41.80,0.601,2.404,2.904
2024-07-15 16:47:41.90,0.601,1.803,2.42
2024-07-15 16:47:42.00,1.803,3.005,1.452
2024-07-15 16:47:42.10,1.202,3.606,1.936
2024-07-15 16:47:42.20,1.202,3.606,1.452
2024-07-15 16:47:42.30,1.202,3.606,2.904
2024-07-15 16:47:42.40,0.601,2.404,1.452
2024-07-15 16:47:42.50,0.0,3.005,1.936
2024-07-15 16:47:42.60,0.601,3.005,2.42
2024-07-15 16:47:42.70,0.601,3.606,2.42
2024-07-15 16:47:42.80,0.601,3.005,1.936
2024-07-15 16:47:42.90,0.601,3.606,1.452
2024-07-15 16:47:43.00,1.803,2.404,2.42
2024-07-15 16:47:43.10,0.601,3.005,2.904
2024-07-15 16:47:43.20,1.202,2.404,0.484
2024-07-15 16:47:43.30,1.803,3.005,0.484
2024-07-15 16:47:43.40,1.202,3.005,1.936
2024-07-15 16:47:43.50,1.202,2.404,0.968
2024-07-15 16:47:43.60,0.601,3.005,1.452
2024-07-15 16:47:43.70,1.202,3.005,0.484
2024-07-15 16:47:43.80,0.601,3.005,0.484
2024-07-15 16:47:43.90,0.601,3.606,1.452
2024-07-15 16:47:44.00,1.202,3.606,0.968
2024-07-15 16:47:44.10,0.601,3.005,1.452
2024-07-15 16:47:44.20,1.202,2.404,1.936
2024-07-15 16:47:44.30,1.202,3.005,0.968
2024-07-15 16:47:44.40,0.0,3.606,1.936
2024-07-15 16:47:44.50,0.601,2.404,0.968
2024-07-15 16:47:44.60,0.601,3.005,2.42
2024-07-15 16:47:44.70,0.601,1.803,1.452
2024-07-15 16:47:44.80,0.601,3.005,1.452
2024-07-15 16:47:45.00,1.202,3.005,1.452
2024-07-15 16:47:45.10,0.601,3.606,1.936
2024-07-15 16:47:45.20,0.601,3.005,0.968
2024-07-15 16:47:45.30,0.601,2.404,1.452
2024-07-15 16:47:45.40,1.202,2.404,1.936
2024-07-15 16:47:45.50,0.601,3.005,0.968
2024-07-15 16:47:45.60,0.601,3.005,1.452
2024-07-15 16:47:45.70,0.601,2.404,2.42
2024-07-15 16:47:45.80,1.202,3.606,0.968
2024-07-15 16:47:45.90,0.601,3.005,2.42
2024-07-15 16:47:46.00,0.601,3.005,0.968
2024-07-15 16:47:46.10,0.601,2.404,1.452
2024-07-15 16:47:46.20,1.202,3.606,1.452
2024-07-15 16:47:46.30,0.601,3.005,1.936
2024-07-15 16:47:46.40,1.202,3.005,1.452
2024-07-15 16:47:46.50,1.202,3.005,1.936
2024-07-15 16:47:46.60,0.601,1.803,2.904
2024-07-15 16:47:46.70,0.0,1.202,3.8719
2024-07-15 16:47:46.80,0.0,-0.601,5.808
2024-07-15 16:47:46.90,0.0,-0.601,5.324
2024-07-15 16:47:47.00,0.0,1.803,4.84
2024-07-15 16:47:47.10,3.005,3.606,6.776
2024-07-15 16:47:47.20,1.202,2.404,7.2599
2024-07-15 16:47:47.30,0.601,3.005,7.744
2024-07-15 16:47:47.40,0.601,1.803,6.292
2024-07-15 16:47:47.50,-0.601,1.803,6.776
2024-07-15 16:47:47.60,0.0,3.005,8.228
2024-07-15 16:47:47.70,0.0,1.803,7.2599
2024-07-15 16:47:47.80,2.404,-0.601,15.488
2024-07-15 16:47:47.90,2.404,-3.005,15.972
2024-07-15 16:47:48.00,3.005,-4.808,23.716
2024-07-15 16:47:48.10,0.601,-4.808,36.784
2024-07-15 16:47:48.20,4.207,-3.606,62.436
2024-07-15 16:47:48.30,-7.212,1.202,84.216
2024-07-15 16:47:48.40,-6.611,4.808,96.316
2024-07-15 16:47:48.50,-9.616,1.803,100.188
2024-07-15 16:47:48.60,-9.616,0.0,106.48
2024-07-15 16:47:48.70,-12.02,6.611,116.16
2024-07-15 16:47:48.80,-19.232,9.015,119.548
2024-07-15 16:47:48.90,-11.419,2.404,125.84
2024-07-15 16:47:49.00,-9.616,1.202,131.164
2024-07-15 16:47:49.10,-16.227,4.207,143.264
2024-07-15 16:47:49.20,-27.646,12.621,150.04
2024-07-15 16:47:49.30,-27.646,11.419,152.46
2024-07-15 16:47:49.40,-19.232,12.02,153.428
2024-07-15 16:47:49.50,-25.242,11.419,152.944
2024-07-15 16:47:49.60,-22.237,9.616,160.688
2024-07-15 16:47:49.70,-23.439,12.621,161.656
2024-07-15 16:47:49.80,-28.848,18.03,163.592
2024-07-15 16:47:49.90,-24.641,19.232,164.56
2024-07-15 16:47:50.00,-24.641,16.828,165.528
2024-07-15 16:47:50.10,-25.242,17.429,169.4
2024-07-15 16:47:50.20,-27.646,16.828,175.208
2024-07-15 16:47:50.30,-36.661,21.035,186.824
2024-07-15 16:47:50.40,-40.868,26.444,185.856
2024-07-15 16:47:50.50,-34.858,22.838,190.696
2024-07-15 16:47:50.60,-33.055,19.232,189.728
2024-07-15 16:47:50.70,-40.267,14.424,195.052
2024-07-15 16:47:50.80,-34.257,9.015,198.44
2024-07-15 16:47:50.90,-39.065,10.818,201.344
2024-07-15 16:47:51.00,-36.06,13.222,203.28
2024-07-15 16:47:51.10,-33.055,12.621,202.796
2024-07-15 16:47:51.20,-34.858,16.828,204.248
2024-07-15 16:47:51.30,-34.257,22.838,214.412
2024-07-15 16:47:51.40,-36.661,23.439,215.864
2024-07-15 16:47:51.50,-37.262,18.631,213.928
2024-07-15 16:47:51.60,-29.449,13.222,212.96
2024-07-15 16:47:51.70,-31.853,24.04,216.832
2024-07-15 16:47:51.80,-31.853,24.641,213.928
2024-07-15 16:47:51.90,-31.853,23.439,215.38
2024-07-15 16:47:52.00,-30.05,20.434,214.896
2024-07-15 16:47:52.10,-31.853,25.242,217.316
2024-07-15 16:47:52.20,-31.252,24.641,218.284
2024-07-15 16:47:52.30,-31.252,22.838,217.8
2024-07-15 16:47:52.40,-30.05,20.434,220.22
2024-07-15 16:47:52.50,-33.055,24.04,221.672
2024-07-15 16:47:52.60,-32.454,26.444,219.736
2024-07-15 16:47:52.70,-33.055,24.04,221.188
2024-07-15 16:47:52.80,-33.055,21.035,222.64
2024-07-15 16:47:52.90,-34.257,20.434,229.9
2024-07-15 16:47:53.00,-31.252,16.227,230.384
2024-07-15 16:47:53.10,-35.459,15.626,232.804
2024-07-15 16:47:53.20,-32.454,14.424,233.288
2024-07-15 16:47:53.30,-37.262,13.222,240.548
2024-07-15 16:47:53.40,-37.262,14.424,245.8719
2024-07-15 16:47:53.50,-43.272,15.025,251.196
2024-07-15 16:47:53.60,-40.868,11.419,251.68
2024-07-15 16:47:53.70,-43.272,-3.005,249.2599
2024-07-15 16:47:53.90,-41.469,-7.212,249.744
2024-07-15 16:47:53.90,-42.671,-3.005,251.196
2024-07-15 16:47:54.00,-45.676,0.0,252.6479
2024-07-15 16:47:54.10,-44.474,-4.207,253.132
2024-07-15 16:47:54.20,-42.07,-8.414,252.164
2024-07-15 16:47:54.30,-45.075,-9.015,251.68
2024-07-15 16:47:54.40,-43.272,-7.813,253.132
2024-07-15 16:47:54.50,-43.873,-6.01,254.584
2024-07-15 16:47:54.60,-45.075,-1.803,255.552
2024-07-15 16:47:54.70,-46.277,-3.005,256.52
2024-07-15 16:47:54.80,-46.277,-2.404,259.424
2024-07-15 16:47:54.90,-46.878,-4.808,263.296
2024-07-15 16:47:55.00,-49.282,-7.212,264.748
2024-07-15 16:47:55.20,-46.878,-12.621,263.78
2024-07-15 16:47:55.30,-46.277,-5.409,265.716
2024-07-15 16:47:55.40,-49.282,-3.606,267.168
2024-07-15 16:47:55.50,-46.277,-8.414,267.652
2024-07-15 16:47:55.60,-51.085,-14.424,266.684
2024-07-15 16:47:55.70,-49.282,-13.823,266.684
2024-07-15 16:47:55.80,-51.085,-13.222,267.652
2024-07-15 16:47:55.90,-54.09,-19.232,265.232
2024-07-15 16:47:56.00,-52.287,-14.424,265.232
2024-07-15 16:47:56.10,-53.489,-12.02,264.748
2024-07-15 16:47:56.20,-49.282,-14.424,267.168
2024-07-15 16:47:56.30,-48.681,-12.02,268.62
2024-07-15 16:47:56.40,-53.489,-8.414,265.716
2024-07-15 16:47:56.50,-45.075,-16.227,263.78
2024-07-15 16:47:56.60,-42.07,-19.232,265.232
2024-07-15 16:47:56.70,-40.868,-22.838,264.748
2024-07-15 16:47:56.80,-45.676,-16.828,267.652
2024-07-15 16:47:56.90,-43.272,-22.838,270.072
2024-07-15 16:47:57.00,-49.883,-19.232,272.008
2024-07-15 16:47:57.10,-45.676,-19.833,272.492
2024-07-15 16:47:57.20,-46.277,-19.833,280.236
2024-07-15 16:47:57.30,-37.863,-21.035,282.172
2024-07-15 16:47:57.40,-45.676,-24.641,282.656
2024-07-15 16:47:57.50,-46.878,-20.434,286.044
2024-07-15 16:47:57.60,-47.479,-18.03,293.788
2024-07-15 16:47:57.70,-43.272,-12.02,284.592
2024-07-15 16:47:57.80,-49.282,-7.813,287.496
2024-07-15 16:47:57.90,-37.262,-10.818,290.4
2024-07-15 16:47:58.00,-43.272,-4.808,287.012
2024-07-15 16:47:58.10,-35.459,-10.818,283.624
2024-07-15 16:47:58.20,-39.065,-9.015,281.204
2024-07-15 16:47:58.30,-43.272,1.803,279.752
2024-07-15 16:47:58.40,-51.686,12.02,280.72
2024-07-15 16:47:58.50,-49.282,7.212,284.108
2024-07-15 16:47:58.60,-46.878,5.409,286.528
2024-07-15 16:47:58.70,-48.08,14.424,289.432
2024-07-15 16:47:58.80,-54.09,13.823,289.432
2024-07-15 16:47:58.90,-49.883,9.015,292.82
2024-07-15 16:47:59.00,-49.282,11.419,291.368
2024-07-15 16:47:59.10,-54.09,10.818,287.496
2024-07-15 16:47:59.20,-56.494,13.823,291.368
2024-07-15 16:47:59.30,-51.686,6.611,288.948
2024-07-15 16:47:59.40,-55.893,6.611,285.076
2024-07-15 16:47:59.50,-53.489,13.222,279.752
2024-07-15 16:47:59.60,-62.504,16.227,283.14
2024-07-15 16:47:59.70,-55.292,10.818,285.076
2024-07-15 16:47:59.80,-57.696,11.419,287.496
2024-07-15 16:47:59.90,-57.095,10.818,287.98
2024-07-15 16:48:00.00,-60.1,15.626,287.012
2024-07-15 16:48:00.10,-60.1,12.621,289.916
2024-07-15 16:48:00.20,-57.095,14.424,293.788
2024-07-15 16:48:00.30,-59.499,17.429,297.66
2024-07-15 16:48:00.40,-59.499,0.601,300.564
2024-07-15 16:48:00.50,-60.1,-1.202,302.016
2024-07-15 16:48:00.60,-62.504,9.015,303.468
2024-07-15 16:48:00.70,-60.701,12.02,304.436
2024-07-15 16:48:00.80,-63.105,12.621,302.9839
2024-07-15 16:48:00.90,-61.903,11.419,302.5
2024-07-15 16:48:01.00,-62.504,12.02,297.66
2024-07-15 16:48:01.10,-70.317,20.434,294.756
2024-07-15 16:48:01.20,-68.514,15.025,293.788
2024-07-15 16:48:01.30,-64.908,12.02,294.272
2024-07-15 16:48:01.40,-66.711,17.429,290.884
2024-07-15 16:48:01.50,-67.913,20.434,288.948
2024-07-15 16:48:01.60,-66.11,22.838,289.916
2024-07-15 16:48:01.70,-69.716,23.439,291.852
2024-07-15 16:48:01.80,-66.11,23.439,293.788
2024-07-15 16:48:01.90,-70.317,22.237,290.884
2024-07-15 16:48:02.10,-69.716,24.641,293.788
2024-07-15 16:48:02.10,-74.524,27.646,296.692
2024-07-15 16:48:02.20,-70.317,27.646,300.564
2024-07-15 16:48:02.30,-69.716,28.848,304.92
2024-07-15 16:48:02.40,-70.918,34.257,310.244
2024-07-15 16:48:02.50,-69.716,40.267,312.18
2024-07-15 16:48:02.60,-72.721,43.873,310.728
2024-07-15 16:48:02.70,-76.928,56.494,316.052
2024-07-15 16:48:02.80,-79.933,49.883,321.86
2024-07-15 16:48:02.90,-64.908,41.469,325.248
2024-07-15 16:48:03.00,-70.317,54.09,325.732
2024-07-15 16:48:03.10,-70.317,55.893,328.152
2024-07-15 16:48:03.20,-66.11,53.489,327.668
2024-07-15 16:48:03.30,-75.125,54.691,325.248
2024-07-15 16:48:03.40,-73.923,56.494,322.828
2024-07-15 16:48:03.50,-82.337,48.681,322.828
2024-07-15 16:48:03.60,-68.514,43.873,324.764
2024-07-15 16:48:03.70,-74.524,51.686,322.344
2024-07-15 16:48:03.80,-69.716,52.287,324.28
2024-07-15 16:48:03.90,-69.115,58.297,317.02
2024-07-15 16:48:04.00,-71.519,63.105,320.892
2024-07-15 16:48:04.10,-60.701,57.095,322.344
2024-07-15 16:48:04.20,-62.504,53.489,322.344
2024-07-15 16:48:04.30,-65.509,52.888,324.28
2024-07-15 16:48:04.40,-69.115,50.484,326.7
2024-07-15 16:48:04.50,-70.918,48.681,332.508
2024-07-15 16:48:04.60,-70.317,39.065,340.736
2024-07-15 16:48:04.70,-64.908,42.671,337.832
2024-07-15 16:48:04.80,-70.317,43.873,331.54
2024-07-15 16:48:04.90,-70.317,44.474,339.284
2024-07-15 16:48:05.00,-71.519,45.676,337.348
2024-07-15 16:48:05.20,-75.726,46.277,331.056
2024-07-15 16:48:05.30,-77.529,43.873,329.604
2024-07-15 16:48:05.40,-77.529,43.873,327.184
2024-07-15 16:48:05.50,-75.125,45.075,326.216
2024-07-15 16:48:05.60,-75.125,46.878,320.892
2024-07-15 16:48:05.70,-78.13,34.858,310.244
2024-07-15 16:48:05.80,-74.524,36.661,297.176
2024-07-15 16:48:05.90,-75.726,33.055,281.204
2024-07-15 16:48:06.00,-65.509,27.646,263.78
2024-07-15 16:48:06.10,-63.706,25.242,250.712
2024-07-15 16:48:06.20,-55.893,24.641,233.288
2024-07-15 16:48:06.30,-52.888,22.838,221.188
2024-07-15 16:48:06.40,-50.484,20.434,217.8
2024-07-15 16:48:06.50,-46.878,16.828,207.152
2024-07-15 16:48:06.60,-44.474,15.626,201.344
2024-07-15 16:48:06.70,-31.252,15.025,204.732
2024-07-15 16:48:06.80,-33.055,15.626,194.568
2024-07-15 16:48:06.90,-33.656,13.222,181.5
2024-07-15 16:48:07.00,-29.449,14.424,170.368
2024-07-15 16:48:07.10,-29.449,15.626,167.464
2024-07-15 16:48:07.20,-31.252,15.025,168.432
2024-07-15 16:48:07.30,-33.055,15.626,164.076
2024-07-15 16:48:07.40,-33.055,17.429,148.104
2024-07-15 16:48:07.50,-32.454,20.434,135.0359
2024-07-15 16:48:07.60,-31.853,11.419,126.324
2024-07-15 16:48:07.70,-25.242,9.015,129.712
2024-07-15 16:48:07.80,-27.646,7.212,130.68
2024-07-15 16:48:07.90,-32.454,6.611,131.164
2024-07-15 16:48:08.00,-29.449,7.813,128.744
2024-07-15 16:48:08.10,-30.651,7.212,127.292
2024-07-15 16:48:08.20,-28.848,10.217,127.292
2024-07-15 16:48:08.30,-26.444,7.212,126.808
2024-07-15 16:48:08.40,-28.848,9.616,135.0359
2024-07-15 16:48:08.50,-34.257,13.222,144.232
2024-07-15 16:48:08.60,-27.646,7.212,159.72
2024-07-15 16:48:08.70,-36.661,19.833,181.9839
2024-07-15 16:48:08.80,-36.06,20.434,194.568
2024-07-15 16:48:08.90,-36.661,19.232,214.896
2024-07-15 16:48:09.00,-38.464,27.045,230.868
2024-07-15 16:48:09.10,-38.464,19.833,253.132
2024-07-15 16:48:09.20,-23.439,24.641,275.88
2024-07-15 16:48:09.30,-34.858,29.449,291.852
2024-07-15 16:48:09.40,-32.454,26.444,302.9839
2024-07-15 16:48:09.50,-34.858,27.045,311.212
2024-07-15 16:48:09.60,-34.858,28.848,316.5359
2024-07-15 16:48:09.70,-38.464,30.651,338.8
2024-07-15 16:48:09.80,-39.065,23.439,347.996
2024-07-15 16:48:09.90,-41.469,30.05,349.448
2024-07-15 16:48:10.00,-47.479,33.055,351.868
2024-07-15 16:48:10.10,-49.883,28.848,355.74
2024-07-15 16:48:10.20,-47.479,9.616,372.68
2024-07-15 16:48:10.40,-33.656,15.626,376.068
2024-07-15 16:48:10.40,-46.277,24.04,377.52
2024-07-15 16:48:10.50,-43.272,24.641,379.94
2024-07-15 16:48:10.60,-48.681,23.439,379.94
2024-07-15 16:48:10.70,-48.08,22.237,378.488
2024-07-15 16:48:10.80,-51.085,23.439,379.94
2024-07-15 16:48:10.90,-45.676,24.04,382.844
2024-07-15 16:48:11.00,-48.08,10.818,392.04
2024-07-15 16:48:11.10,-47.479,12.02,383.328
2024-07-15 16:48:11.20,-49.883,11.419,386.232
2024-07-15 16:48:11.30,-51.085,15.025,389.136
2024-07-15 16:48:11.40,-58.898,12.621,386.232
2024-07-15 16:48:11.50,-60.701,13.222,390.104
2024-07-15 16:48:11.60,-61.302,27.045,380.908
2024-07-15 16:48:11.70,-59.499,31.252,379.456
2024-07-15 16:48:11.80,-60.1,33.055,374.616
2024-07-15 16:48:11.90,-67.913,27.646,371.712
2024-07-15 16:48:12.00,-69.115,33.656,374.616
2024-07-15 16:48:12.10,-84.14,31.853,377.0359
2024-07-15 16:48:12.20,-66.711,36.06,364.452
2024-07-15 16:48:12.30,-66.711,33.055,358.644
2024-07-15 16:48:12.40,-63.105,37.262,355.256
2024-07-15 16:48:12.50,-65.509,32.454,353.804
2024-07-15 16:48:12.60,-68.514,32.454,350.9
2024-07-15 16:48:12.70,-64.307,31.252,346.06
2024-07-15 16:48:12.80,-62.504,26.444,339.284
2024-07-15 16:48:12.90,-49.883,26.444,333.476
2024-07-15 16:48:13.00,-46.277,30.05,331.056
2024-07-15 16:48:13.10,-50.484,36.661,330.088
2024-07-15 16:48:13.20,-56.494,34.257,332.992
2024-07-15 16:48:13.30,-57.095,31.853,332.024
2024-07-15 16:48:13.40,-56.494,31.853,332.508
2024-07-15 16:48:13.50,-53.489,34.858,332.992
2024-07-15 16:48:13.60,-54.09,39.666,328.152
2024-07-15 16:48:13.70,-52.287,51.085,317.988
2024-07-15 16:48:13.80,-54.691,50.484,314.6
2024-07-15 16:48:13.90,-52.287,41.469,316.5359
2024-07-15 16:48:14.00,-51.686,42.07,317.02
2024-07-15 16:48:14.10,-49.282,40.868,311.696
2024-07-15 16:48:14.20,-49.883,45.676,305.888
2024-07-15 16:48:14.30,-53.489,40.267,296.692
2024-07-15 16:48:14.40,-45.075,31.252,272.976
2024-07-15 16:48:14.50,-49.883,28.247,267.652
2024-07-15 16:48:14.60,-43.873,25.242,266.684
2024-07-15 16:48:14.70,-45.676,22.838,253.132
2024-07-15 16:48:14.80,-42.07,12.02,239.58
2024-07-15 16:48:14.90,-31.853,12.02,233.288
2024-07-15 16:48:15.00,-36.661,14.424,213.928
2024-07-15 16:48:15.20,-36.06,10.217,192.1479
2024-07-15 16:48:15.20,-31.252,6.01,180.048
2024-07-15 16:48:15.40,-34.257,1.803,167.948
2024-07-15 16:48:15.50,-27.646,2.404,156.332
2024-07-15 16:48:15.60,-30.651,0.0,142.78
2024-07-15 16:48:15.70,-30.651,2.404,126.324
2024-07-15 16:48:15.80,-24.641,0.0,113.256
2024-07-15 16:48:15.90,-17.429,3.005,101.156
2024-07-15 16:48:16.00,-16.828,13.823,94.38
2024-07-15 16:48:16.10,-22.237,5.409,84.7
2024-07-15 16:48:16.20,-12.02,-4.207,80.344
2024-07-15 16:48:16.30,-17.429,10.818,83.732
2024-07-15 16:48:16.40,-16.828,11.419,87.604
2024-07-15 16:48:16.50,-20.434,9.015,97.284
2024-07-15 16:48:16.60,-23.439,1.803,111.804
2024-07-15 16:48:16.70,-30.05,0.601,125.356
2024-07-15 16:48:16.80,-34.858,8.414,159.236
2024-07-15 16:48:16.90,-32.454,7.212,197.472
2024-07-15 16:48:17.00,-29.449,1.803,219.252
2024-07-15 16:48:17.10,-42.07,-1.803,243.936
2024-07-15 16:48:17.20,-48.08,7.813,265.716
2024-07-15 16:48:17.30,-49.282,15.626,285.076
2024-07-15 16:48:17.40,-42.07,24.04,300.564
2024-07-15 16:48:17.50,-55.893,22.237,317.02
2024-07-15 16:48:17.60,-60.701,25.843,325.732
2024-07-15 16:48:17.70,-60.701,34.858,330.088
2024-07-15 16:48:17.80,-61.903,27.646,340.252
2024-07-15 16:48:17.90,-68.514,28.848,347.996
2024-07-15 16:48:18.00,-67.913,27.045,357.676
2024-07-15 16:48:18.10,-62.504,31.252,355.74
2024-07-15 16:48:18.20,-66.711,39.065,356.7079
2024-07-15 16:48:18.30,-84.14,36.06,356.7079
2024-07-15 16:48:18.40,-76.928,30.651,358.16
2024-07-15 16:48:18.50,-66.11,25.242,358.644
2024-07-15 16:48:18.60,-75.125,29.449,359.612
2024-07-15 16:48:18.70,-70.918,18.03,366.388
2024-07-15 16:48:18.80,-72.721,17.429,372.196
2024-07-15 16:48:18.90,-78.731,21.636,370.744
2024-07-15 16:48:19.00,-78.13,19.232,378.972
2024-07-15 16:48:19.10,-73.923,22.838,384.296
2024-07-15 16:48:19.20,-77.529,24.641,384.78
2024-07-15 16:48:19.30,-82.337,28.848,383.328
2024-07-15 16:48:19.40,-91.953,35.459,378.972
2024-07-15 16:48:19.50,-99.165,31.853,382.844
2024-07-15 16:48:19.60,-91.352,30.651,387.684
2024-07-15 16:48:19.70,-85.342,31.853,388.652
2024-07-15 16:48:19.80,-88.948,34.257,386.716
2024-07-15 16:48:19.90,-90.751,37.262,388.168
2024-07-15 16:48:20.00,-102.771,44.474,395.428
2024-07-15 16:48:20.10,-93.756,36.661,399.784
2024-07-15 16:48:20.20,-88.347,33.656,408.98
2024-07-15 16:48:20.30,-95.559,36.06,413.8199
2024-07-15 16:48:20.40,-92.554,33.055,415.272
2024-07-15 16:48:20.50,-92.554,40.868,422.5319
2024-07-15 16:48:20.60,-97.963,33.656,433.18
2024-07-15 16:48:20.70,-88.347,25.242,426.404
2024-07-15 16:48:20.80,-92.554,26.444,429.7919
2024-07-15 16:48:20.90,-100.968,18.03,431.728
2024-07-15 16:48:21.00,-91.352,19.833,429.3079
2024-07-15 16:48:21.10,-102.771,16.828,429.7919
2024-07-15 16:48:21.20,-94.958,9.015,431.244
2024-07-15 16:48:21.30,-99.165,12.621,433.18
2024-07-15 16:48:21.40,-94.357,11.419,418.66
2024-07-15 16:48:21.50,-99.165,17.429,425.92
2024-07-15 16:48:21.60,-103.372,15.626,426.888
2024-07-15 16:48:21.70,-93.155,9.015,427.856
2024-07-15 16:48:21.80,-97.362,10.818,432.696
2024-07-15 16:48:21.90,-92.554,10.818,437.0519
2024-07-15 16:48:22.00,-94.958,7.212,457.864
2024-07-15 16:48:22.10,-95.559,12.02,464.1559
2024-07-15 16:48:22.20,-105.175,7.212,460.768
2024-07-15 16:48:22.30,-94.958,7.813,466.092
2024-07-15 16:48:22.40,-95.559,9.015,463.1879
2024-07-15 16:48:22.50,-80.534,27.646,461.252
2024-07-15 16:48:22.60,-107.579,24.04,459.316
2024-07-15 16:48:22.70,-97.963,11.419,457.3799
2024-07-15 16:48:22.80,-100.367,8.414,456.8959
2024-07-15 16:48:22.90,-100.968,14.424,456.4119
2024-07-15 16:48:23.00,-96.16,8.414,451.088
2024-07-15 16:48:23.10,-81.135,1.803,450.1199
2024-07-15 16:48:23.20,-93.756,10.217,455.9279
2024-07-15 16:48:23.30,-84.741,18.631,450.6039
2024-07-15 16:48:23.40,-82.938,11.419,451.088
2024-07-15 16:48:23.50,-78.731,13.823,451.572
2024-07-15 16:48:23.60,-79.332,12.02,449.6359
2024-07-15 16:48:23.70,-79.332,27.045,441.408
2024-07-15 16:48:23.80,-62.504,19.833,439.472
2024-07-15 16:48:23.90,-64.908,7.212,438.504
2024-07-15 16:48:24.00,-72.12,9.015,429.7919
2024-07-15 16:48:24.10,-72.721,30.05,417.692
2024-07-15 16:48:24.20,-82.938,22.838,414.304
2024-07-15 16:48:24.30,-83.539,17.429,417.2079
2024-07-15 16:48:24.40,-82.337,15.025,419.628
2024-07-15 16:48:24.50,-78.13,21.636,411.884
2024-07-15 16:48:24.60,-77.529,21.636,407.528
2024-07-15 16:48:24.70,-81.736,24.04,412.368
2024-07-15 16:48:24.80,-74.524,23.439,412.368
2024-07-15 16:48:24.90,-82.938,27.045,411.884
2024-07-15 16:48:25.00,-78.731,27.045,410.432
2024-07-15 16:48:25.10,-83.539,36.06,404.624
2024-07-15 16:48:25.20,-81.736,31.853,410.916
2024-07-15 16:48:25.30,-89.549,30.651,404.14
2024-07-15 16:48:25.50,-88.347,23.439,408.496
2024-07-15 16:48:25.60,-84.14,15.626,403.656
2024-07-15 16:48:25.70,-75.125,18.03,397.364
2024-07-15 16:48:25.80,-99.766,21.035,392.04
2024-07-15 16:48:25.90,-81.736,16.227,394.944
2024-07-15 16:48:26.00,-90.15,19.833,383.812
2024-07-15 16:48:26.10,-85.342,18.631,367.84
2024-07-15 16:48:26.20,-83.539,15.626,366.8719
2024-07-15 16:48:26.30,-89.549,31.252,354.288
2024-07-15 16:48:26.40,-82.337,26.444,350.9
2024-07-15 16:48:26.50,-84.741,36.06,339.768
2024-07-15 16:48:26.60,-74.524,27.045,335.412
2024-07-15 16:48:26.70,-72.721,21.035,327.184
2024-07-15 16:48:26.80,-69.115,19.833,317.504
2024-07-15 16:48:26.90,-66.711,21.636,310.244
2024-07-15 16:48:27.00,-78.731,29.449,301.048
2024-07-15 16:48:27.10,-61.302,14.424,285.56
2024-07-15 16:48:27.20,-58.297,1.803,254.1
2024-07-15 16:48:27.30,-57.696,6.01,219.736
2024-07-15 16:48:27.40,-49.883,-2.404,202.312
2024-07-15 16:48:27.50,-34.257,-5.409,185.3719
2024-07-15 16:48:27.60,-34.858,3.005,166.012
2024-07-15 16:48:27.70,-31.252,-7.813,143.264
2024-07-15 16:48:27.80,-20.434,-8.414,128.744
2024-07-15 16:48:27.90,-23.439,-4.808,116.644
2024-07-15 16:48:28.00,-19.232,-0.601,111.32
2024-07-15 16:48:28.10,-2.404,-7.212,105.996
2024-07-15 16:48:28.20,-17.429,-1.202,105.028
2024-07-15 16:48:28.30,-19.833,3.005,105.996
2024-07-15 16:48:28.40,-19.833,3.606,107.448
2024-07-15 16:48:28.50,-20.434,5.409,107.932
2024-07-15 16:48:28.60,-22.237,12.02,106.964
2024-07-15 16:48:28.70,-25.242,9.015,113.256
2024-07-15 16:48:28.80,-21.035,-5.409,110.836
2024-07-15 16:48:28.90,-10.217,-4.207,104.06
2024-07-15 16:48:29.00,-21.636,5.409,95.348
2024-07-15 16:48:29.10,-22.237,3.606,70.18
2024-07-15 16:48:29.20,-6.611,4.808,23.716
2024-07-15 16:48:29.30,4.207,2.404,11.616
2024-07-15 16:48:29.40,-1.202,2.404,10.6479
2024-07-15 16:48:29.50,0.601,1.803,10.164
2024-07-15 16:48:29.60,0.0,3.005,9.68
2024-07-15 16:48:29.70,0.0,2.404,8.228
2024-07-15 16:48:29.80,0.0,2.404,8.228
2024-07-15 16:48:29.90,0.0,2.404,7.2599
2024-07-15 16:48:30.00,0.0,2.404,8.712
2024-07-15 16:48:30.10,1.803,2.404,7.744
2024-07-15 16:48:30.20,0.601,3.005,6.776
2024-07-15 16:48:30.30,0.601,2.404,6.776
2024-07-15 16:48:30.40,-0.601,2.404,6.292
2024-07-15 16:48:30.50,0.0,2.404,6.776
2024-07-15 16:48:30.60,0.0,2.404,5.808
2024-07-15 16:48:30.70,1.202,3.606,5.808
2024-07-15 16:48:30.80,0.601,3.005,6.292
2024-07-15 16:48:30.90,0.601,3.005,4.84
2024-07-15 16:48:31.00,0.601,3.606,5.808
2024-07-15 16:48:31.10,0.0,3.606,5.808
2024-07-15 16:48:31.20,0.0,1.803,5.808
2024-07-15 16:48:31.30,-1.803,3.606,6.776
2024-07-15 16:48:31.40,1.202,-0.601,19.36
2024-07-15 16:48:31.50,-4.808,-1.803,29.04
2024-07-15 16:48:31.60,-7.212,-18.03,71.632
2024-07-15 16:48:31.70,-3.606,-37.863,108.9
2024-07-15 16:48:31.80,1.803,-29.449,159.72
2024-07-15 16:48:31.90,-25.242,-13.222,193.6
2024-07-15 16:48:32.00,-24.641,-20.434,257.004
2024-07-15 16:48:32.10,-9.015,-40.868,297.66
2024-07-15 16:48:32.20,-39.065,-29.449,319.44
2024-07-15 16:48:32.30,-39.065,-16.828,334.928
2024-07-15 16:48:32.40,-36.06,-26.444,360.0959
2024-07-15 16:48:32.50,-21.035,-49.883,383.328
2024-07-15 16:48:32.60,-28.848,-43.873,395.912
2024-07-15 16:48:32.70,-40.267,-55.292,409.948
2024-07-15 16:48:32.80,-37.262,-64.908,398.816
2024-07-15 16:48:32.90,-36.06,-60.701,419.144
2024-07-15 16:48:33.00,-43.873,-62.504,427.372
2024-07-15 16:48:33.10,-45.075,-63.706,434.632
2024-07-15 16:48:33.20,-43.873,-53.489,440.924
2024-07-15 16:48:33.30,-52.287,-48.681,448.668
2024-07-15 16:48:33.40,-46.878,-48.681,442.8599
2024-07-15 16:48:33.50,-34.257,-61.903,447.7
2024-07-15 16:48:33.60,-49.282,-64.908,455.9279
2024-07-15 16:48:33.70,-56.494,-75.125,467.06
2024-07-15 16:48:33.80,-53.489,-96.761,476.7399
2024-07-15 16:48:33.90,-56.494,-78.731,485.936
2024-07-15 16:48:34.00,-67.913,-54.691,487.388
2024-07-15 16:48:34.10,-64.307,-43.873,478.192
2024-07-15 16:48:34.20,-54.691,-36.06,488.84
2024-07-15 16:48:34.30,-79.332,-21.035,491.744
2024-07-15 16:48:34.40,-69.115,-9.015,495.616
2024-07-15 16:48:34.50,-77.529,-2.404,504.812
2024-07-15 16:48:34.60,-76.928,-18.631,498.52
2024-07-15 16:48:34.80,-79.933,-40.868,506.264
2024-07-15 16:48:34.80,-84.14,-36.661,513.04
2024-07-15 16:48:34.90,-83.539,-47.479,532.4
2024-07-15 16:48:35.00,-80.534,-60.701,548.372
2024-07-15 16:48:35.10,-65.509,-49.883,547.404
2024-07-15 16:48:35.20,-84.741,-32.454,544.9839
2024-07-15 16:48:35.30,-76.928,-41.469,549.824
2024-07-15 16:48:35.50,-89.549,-39.666,547.888
2024-07-15 16:48:35.60,-108.781,-40.267,545.468
2024-07-15 16:48:35.70,-150.25,-44.474,540.628
2024-07-15 16:48:35.80,-163.472,-60.701,542.08
2024-07-15 16:48:35.90,-138.831,-54.09,547.888
2024-07-15 16:48:36.00,-121.402,-43.272,520.3
2024-07-15 16:48:36.10,-152.053,-18.631,506.748
2024-07-15 16:48:36.20,-142.437,-27.646,515.46
2024-07-15 16:48:36.30,-141.836,-32.454,517.8799
2024-07-15 16:48:36.40,-134.624,-22.838,514.008
2024-07-15 16:48:36.50,-145.442,-9.616,519.816
2024-07-15 16:48:36.60,-141.235,-30.05,530.4639
2024-07-15 16:48:36.70,-127.412,-26.444,537.7239
2024-07-15 16:48:36.80,-136.427,-4.808,549.824
2024-07-15 16:48:36.90,-133.422,-5.409,562.408
2024-07-15 16:48:37.00,-140.634,-9.015,557.0839
2024-07-15 16:48:37.10,-140.634,2.404,561.924
2024-07-15 16:48:37.20,-138.831,13.222,568.216
2024-07-15 16:48:37.30,-135.225,18.631,571.1199
2024-07-15 16:48:37.40,-180.3,28.247,566.28
2024-07-15 16:48:37.50,-143.038,17.429,563.8599
2024-07-15 16:48:37.60,-152.053,26.444,561.924
2024-07-15 16:48:37.70,-162.871,42.671,561.924
2024-07-15 16:48:37.80,-170.684,55.893,564.3439
2024-07-15 16:48:37.90,-151.452,39.065,555.148
2024-07-15 16:48:38.00,-157.462,44.474,561.924
2024-07-15 16:48:38.10,-174.29,55.893,559.02
2024-07-15 16:48:38.20,-175.492,55.292,548.372
2024-07-15 16:48:38.30,-167.078,70.918,557.5679
2024-07-15 16:48:38.40,-156.26,69.115,547.404
2024-07-15 16:48:38.50,-160.467,72.12,538.2079
2024-07-15 16:48:38.60,-171.285,80.534,535.788
2024-07-15 16:48:38.70,-155.058,79.933,541.112
2024-07-15 16:48:38.80,-156.861,67.312,539.176
2024-07-15 16:48:38.90,-161.068,54.09,540.628
2024-07-15 16:48:39.00,-159.866,56.494,542.08
2024-07-15 16:48:39.10,-159.866,51.686,546.436
2024-07-15 16:48:39.20,-158.664,50.484,543.5319
2024-07-15 16:48:39.30,-153.856,39.065,565.312
2024-07-15 16:48:39.40,-209.148,3.005,601.612
2024-07-15 16:48:39.50,-175.492,-13.823,627.264
2024-07-15 16:48:39.60,-188.714,22.237,646.14
2024-07-15 16:48:39.70,-160.467,12.621,662.596
2024-07-15 16:48:39.80,-166.477,23.439,667.92
2024-07-15 16:48:39.90,-168.28,57.095,668.888
2024-07-15 16:48:40.00,-175.492,40.868,674.212
2024-07-15 16:48:40.10,-176.694,27.045,674.212
2024-07-15 16:48:40.20,-188.714,49.282,673.244
2024-07-15 16:48:40.30,-192.32,52.888,674.212
2024-07-15 16:48:40.40,-174.891,39.065,679.0519
2024-07-15 16:48:40.50,-177.295,1.803,656.788
2024-07-15 16:48:40.60,-198.931,4.207,660.66
2024-07-15 16:48:40.70,-200.133,22.838,660.176
2024-07-15 16:48:40.80,-183.906,26.444,653.884
2024-07-15 16:48:40.90,-179.699,15.626,644.2039
2024-07-15 16:48:41.00,-170.684,2.404,654.368
2024-07-15 16:48:41.10,-164.674,2.404,648.076
2024-07-15 16:48:41.20,-182.704,10.217,640.332
2024-07-15 16:48:41.30,-178.497,15.626,638.8799
2024-07-15 16:48:41.40,-173.689,1.803,646.624
2024-07-15 16:48:41.50,-189.315,6.611,639.848
2024-07-15 16:48:41.60,-176.093,13.222,626.78
2024-07-15 16:48:41.70,-148.447,-31.252,628.716
2024-07-15 16:48:41.80,-174.29,-22.237,621.94
2024-07-15 16:48:41.90,-180.3,-2.404,637.9119
2024-07-15 16:48:42.00,-190.517,-6.611,628.232
2024-07-15 16:48:42.10,-168.881,2.404,620.488
2024-07-15 16:48:42.20,-175.492,-24.04,631.6199
2024-07-15 16:48:42.30,-149.048,-37.863,634.04
2024-07-15 16:48:42.40,-188.113,-42.671,622.908
2024-07-15 16:48:42.50,-168.28,-55.893,641.3
2024-07-15 16:48:42.60,-187.512,-38.464,648.56
2024-07-15 16:48:42.70,-191.118,-32.454,639.848
2024-07-15 16:48:42.90,-187.512,-29.449,650.496
2024-07-15 16:48:42.90,-186.31,-10.217,642.268
2024-07-15 16:48:43.00,-187.512,-5.409,637.9119
2024-07-15 16:48:43.10,-236.193,-9.616,646.14
2024-07-15 16:48:43.20,-194.724,-16.828,658.2399
2024-07-15 16:48:43.30,-217.562,-36.06,687.28
2024-07-15 16:48:43.40,-204.34,-17.429,692.1199
2024-07-15 16:48:43.50,-210.951,-6.611,697.9279
2024-07-15 16:48:43.60,-199.532,-20.434,683.408
2024-07-15 16:48:43.70,-183.305,1.202,690.668
2024-07-15 16:48:43.80,-186.911,0.601,696.476
2024-07-15 16:48:43.90,-203.138,19.833,707.124
2024-07-15 16:48:44.00,-180.901,7.813,706.1559
2024-07-15 16:48:44.10,-170.684,-2.404,694.54
2024-07-15 16:48:44.20,-146.043,-29.449,682.924
2024-07-15 16:48:44.30,-160.467,-9.616,663.564
2024-07-15 16:48:44.40,-165.275,-6.01,650.496
2024-07-15 16:48:44.50,-153.856,-1.202,643.236
2024-07-15 16:48:44.60,-156.861,-8.414,616.616
2024-07-15 16:48:44.70,-174.891,-21.636,601.128
2024-07-15 16:48:44.80,-103.973,-24.641,602.58
2024-07-15 16:48:44.90,-128.614,-16.227,586.608
2024-07-15 16:48:45.00,-118.998,-9.015,563.8599
2024-07-15 16:48:45.10,-98.564,-12.02,552.728
2024-07-15 16:48:45.20,-118.998,-15.025,530.9479
2024-07-15 16:48:45.30,-130.417,-45.075,547.888
2024-07-15 16:48:45.40,-123.806,-7.212,539.176
2024-07-15 16:48:45.60,-120.2,6.01,562.408
2024-07-15 16:48:45.70,-125.008,-2.404,570.1519
2024-07-15 16:48:45.80,-146.644,25.843,584.1879
2024-07-15 16:48:45.90,-139.432,19.232,599.676
2024-07-15 16:48:46.00,-135.225,22.838,603.064
2024-07-15 16:48:46.10,-141.836,9.015,604.9999
2024-07-15 16:48:46.20,-145.442,-9.616,614.68
2024-07-15 16:48:46.30,-164.073,18.03,601.612
2024-07-15 16:48:46.40,-161.068,23.439,598.2239
2024-07-15 16:48:46.50,-167.679,22.237,601.128
2024-07-15 16:48:46.60,-168.28,27.045,581.768
2024-07-15 16:48:46.70,-191.118,2.404,554.18
2024-07-15 16:48:46.80,-170.083,32.454,536.7559
2024-07-15 16:48:46.90,-173.088,31.252,499.972
2024-07-15 16:48:47.00,-153.856,36.661,456.8959
2024-07-15 16:48:47.10,-150.25,47.479,408.012
2024-07-15 16:48:47.20,-161.669,48.08,390.104
2024-07-15 16:48:47.30,-146.043,30.05,369.776
2024-07-15 16:48:47.40,-127.412,-11.419,342.672
2024-07-15 16:48:47.50,-71.519,-54.09,312.18
2024-07-15 16:48:47.60,-76.928,-43.272,276.364
2024-07-15 16:48:47.70,-53.489,-37.863,238.128
2024-07-15 16:48:47.80,-48.08,-30.651,204.248
2024-07-15 16:48:47.90,-37.863,-25.242,174.24
2024-07-15 16:48:48.00,-19.232,-27.045,140.844
2024-07-15 16:48:48.10,-18.03,-31.853,115.192
2024-07-15 16:48:48.20,-23.439,-27.045,104.06
2024-07-15 16:48:48.30,-21.035,-19.232,99.704
2024-07-15 16:48:48.40,-28.247,-15.025,90.508
2024-07-15 16:48:48.50,-22.237,-22.838,75.504
2024-07-15 16:48:48.60,-12.621,-27.045,78.408
2024-07-15 16:48:48.70,-27.646,-12.621,81.312
2024-07-15 16:48:48.80,-23.439,-15.626,81.796
2024-07-15 16:48:48.90,-21.035,-16.828,77.44
2024-07-15 16:48:49.00,-15.025,-16.828,65.824
2024-07-15 16:48:49.10,-18.03,-3.606,38.72
2024-07-15 16:48:49.20,-7.212,-3.606,14.52
2024-07-15 16:48:49.30,-1.202,0.0,12.584
2024-07-15 16:48:49.40,-1.202,0.0,11.132
2024-07-15 16:48:49.50,-0.601,1.803,9.68
2024-07-15 16:48:49.60,0.0,0.601,9.196
2024-07-15 16:48:49.70,0.601,0.601,10.6479
2024-07-15 16:48:49.80,0.0,1.803,9.196
2024-07-15 16:48:49.90,1.202,1.202,8.712
2024-07-15 16:48:50.00,0.601,0.601,7.2599
2024-07-15 16:48:50.10,0.601,1.202,8.712
2024-07-15 16:48:50.20,0.0,1.803,8.228
2024-07-15 16:48:50.30,0.0,1.202,8.228
2024-07-15 16:48:50.40,-0.601,1.202,6.292
2024-07-15 16:48:50.50,0.0,0.0,7.744
2024-07-15 16:48:50.60,0.601,1.803,6.292
2024-07-15 16:48:50.70,0.601,1.803,7.2599
2024-07-15 16:48:50.80,0.0,1.202,7.744
2024-07-15 16:48:50.90,-0.601,1.803,5.808
2024-07-15 16:48:51.00,0.0,2.404,6.292
2024-07-15 16:48:51.10,0.0,1.202,7.744
2024-07-15 16:48:51.20,0.0,1.803,5.808
2024-07-15 16:48:51.30,0.601,1.803,6.776
2024-07-15 16:48:51.40,0.0,0.601,7.2599
2024-07-15 16:48:51.50,0.601,1.202,7.2599
2024-07-15 16:48:51.60,0.601,1.803,9.68
2024-07-15 16:48:51.70,-0.601,1.803,12.1
2024-07-15 16:48:51.80,-6.611,-1.803,48.884
2024-07-15 16:48:51.90,-10.217,-25.242,97.768
2024-07-15 16:48:52.00,-8.414,-26.444,124.8719
2024-07-15 16:48:52.10,-7.212,-22.237,154.88
2024-07-15 16:48:52.20,-15.025,-24.04,187.308
2024-07-15 16:48:52.30,-13.222,-30.651,213.928
2024-07-15 16:48:52.40,-30.651,-18.03,247.808
2024-07-15 16:48:52.50,-31.853,-24.641,269.104
2024-07-15 16:48:52.60,-33.055,-33.055,284.108
2024-07-15 16:48:52.70,-49.282,-35.459,296.692
2024-07-15 16:48:52.80,-41.469,-31.853,315.568
2024-07-15 16:48:52.90,-44.474,-39.666,337.832
2024-07-15 16:48:53.00,-51.085,-33.055,353.3199
2024-07-15 16:48:53.10,-46.878,-36.06,370.2599
2024-07-15 16:48:53.20,-48.681,-33.055,384.296
2024-07-15 16:48:53.30,-52.287,-21.636,398.816
2024-07-15 16:48:53.40,-52.287,-36.661,413.8199
2024-07-15 16:48:53.50,-43.272,-34.858,431.244
2024-07-15 16:48:53.60,-27.646,-38.464,439.472
2024-07-15 16:48:53.70,-21.636,-25.843,444.796
2024-07-15 16:48:53.80,-16.227,-46.878,446.732
2024-07-15 16:48:53.90,-15.626,-32.454,469.4799
2024-07-15 16:48:54.00,-27.045,-22.838,465.124
2024-07-15 16:48:54.10,-21.636,-27.646,468.996
2024-07-15 16:48:54.20,-18.631,-36.06,476.2559
2024-07-15 16:48:54.30,-25.242,-38.464,478.192
2024-07-15 16:48:54.40,-33.055,-46.277,501.908
2024-07-15 16:48:54.50,-43.873,-32.454,515.46
2024-07-15 16:48:54.60,-40.868,-52.287,525.14
2024-07-15 16:48:54.70,-38.464,-45.075,532.884
2024-07-15 16:48:54.80,-47.479,-45.075,536.7559
2024-07-15 16:48:54.90,-48.08,-50.484,561.924
2024-07-15 16:48:55.00,-56.494,-34.257,571.6039
2024-07-15 16:48:55.10,-52.287,-30.05,590.9639
2024-07-15 16:48:55.20,-60.1,-31.853,593.868
2024-07-15 16:48:55.30,-67.913,-18.631,600.644
2024-07-15 16:48:55.40,-78.731,-33.656,601.128
2024-07-15 16:48:55.60,-72.12,-30.651,607.42
2024-07-15 16:48:55.70,-88.347,-17.429,620.004
2024-07-15 16:48:55.80,-88.948,-51.085,634.524
2024-07-15 16:48:55.90,-66.11,-41.469,639.848
2024-07-15 16:48:56.00,-73.923,-34.257,642.752
2024-07-15 16:48:56.10,-77.529,-37.262,631.6199
2024-07-15 16:48:56.20,-66.711,-36.06,643.72
2024-07-15 16:48:56.30,-75.726,-31.853,644.2039
2024-07-15 16:48:56.40,-84.14,-17.429,651.4639
2024-07-15 16:48:56.50,-87.746,-21.035,662.596
2024-07-15 16:48:56.60,-99.165,-28.848,665.0159
2024-07-15 16:48:56.70,-76.327,-57.095,679.0519
2024-07-15 16:48:56.80,-93.155,-56.494,684.3759
2024-07-15 16:48:56.90,-82.938,-73.923,709.06
2024-07-15 16:48:57.00,-87.145,-85.342,705.1879
2024-07-15 16:48:57.10,-106.978,-56.494,710.028
2024-07-15 16:48:57.20,-99.165,-66.711,716.804
2024-07-15 16:48:57.30,-105.175,-73.322,719.2239
2024-07-15 16:48:57.40,-115.993,-90.15,703.736
2024-07-15 16:48:57.50,-106.377,-105.776,704.22
2024-07-15 16:48:57.60,-121.402,-113.589,696.96
2024-07-15 16:48:57.70,-125.008,-99.766,688.732
2024-07-15 16:48:57.80,-105.776,-106.978,680.988
2024-07-15 16:48:57.90,-105.776,-108.781,668.404
2024-07-15 16:48:58.00,-117.796,-113.589,657.272
2024-07-15 16:48:58.10,-105.175,-115.993,629.684
2024-07-15 16:48:58.20,-100.367,-115.993,597.2559
2024-07-15 16:48:58.30,-102.771,-122.003,574.992
2024-07-15 16:48:58.40,-97.362,-155.058,520.784
2024-07-15 16:48:58.50,-64.908,-149.048,428.34
2024-07-15 16:48:58.60,-51.686,-136.427,352.352
2024-07-15 16:48:58.70,-34.858,-120.2,303.468
2024-07-15 16:48:58.80,-27.646,-95.559,266.2
2024-07-15 16:48:58.90,-21.035,-91.352,235.224
2024-07-15 16:48:59.00,-7.212,-87.145,203.28
2024-07-15 16:48:59.10,-15.025,-76.327,176.176
2024-07-15 16:48:59.20,-9.015,-73.923,149.072
2024-07-15 16:48:59.30,4.207,-55.893,127.776
2024-07-15 16:48:59.40,-9.616,-47.479,113.74
2024-07-15 16:48:59.50,-14.424,-36.06,100.672
2024-07-15 16:48:59.60,-9.015,-48.08,84.216
2024-07-15 16:48:59.70,-3.606,-42.671,68.244
2024-07-15 16:48:59.80,-3.606,-40.868,57.112
2024-07-15 16:48:59.90,-1.803,-31.853,46.464
2024-07-15 16:49:00.00,-6.01,-26.444,37.268
2024-07-15 16:49:00.10,-4.808,-14.424,22.264
2024-07-15 16:49:00.20,-1.202,-8.414,14.0359
2024-07-15 16:49:00.30,1.202,-3.606,12.1
2024-07-15 16:49:00.40,1.202,-1.202,10.164
2024-07-15 16:49:00.50,0.601,-3.005,10.164
2024-07-15 16:49:00.60,0.0,-1.202,8.712
2024-07-15 16:49:00.70,1.202,-1.202,9.68
2024-07-15 16:49:00.80,1.202,-2.404,9.68
2024-07-15 16:49:00.90,1.202,-0.601,9.196
2024-07-15 16:49:01.00,1.803,-0.601,8.228
2024-07-15 16:49:01.10,2.404,-0.601,8.712
2024-07-15 16:49:01.20,1.202,-0.601,6.776
2024-07-15 16:49:01.30,0.601,-0.601,6.776
2024-07-15 16:49:01.40,1.202,-0.601,7.744
2024-07-15 16:49:01.50,1.803,-1.202,6.776
2024-07-15 16:49:01.60,1.803,-0.601,6.776
2024-07-15 16:49:01.70,1.202,-0.601,7.2599
2024-07-15 16:49:01.80,1.803,-0.601,7.2599
2024-07-15 16:49:01.90,1.202,-0.601,6.776
2024-07-15 16:49:02.00,2.404,0.0,6.776
2024-07-15 16:49:02.10,1.202,-0.601,7.744
2024-07-15 16:49:02.20,3.005,0.0,6.292
2024-07-15 16:49:02.30,2.404,-0.601,5.808
2024-07-15 16:49:02.40,1.803,-0.601,5.808
2024-07-15 16:49:02.50,1.202,0.0,5.808
2024-07-15 16:49:02.60,1.202,-1.202,7.2599
2024-07-15 16:49:02.70,1.202,-0.601,5.324
2024-07-15 16:49:02.80,1.202,-1.202,5.324
2024-07-15 16:49:02.90,1.202,-0.601,5.808
2024-07-15 16:49:03.00,1.202,-0.601,5.324
2024-07-15 16:49:03.10,1.202,-0.601,4.84
2024-07-15 16:49:03.20,1.803,0.0,7.744
2024-07-15 16:49:03.30,-6.01,0.601,11.616
2024-07-15 16:49:03.40,-10.818,5.409,71.632
2024-07-15 16:49:03.50,-15.025,-6.611,108.416
2024-07-15 16:49:03.60,-7.212,10.818,135.0359
2024-07-15 16:49:03.70,-31.853,18.03,160.688
2024-07-15 16:49:03.80,-21.035,13.222,184.888
2024-07-15 16:49:03.90,-28.848,7.212,203.764
2024-07-15 16:49:04.00,-22.838,2.404,214.896
2024-07-15 16:49:04.10,-22.838,-8.414,223.124
2024-07-15 16:49:04.20,-20.434,-14.424,236.676
2024-07-15 16:49:04.30,-22.838,-13.222,252.164
2024-07-15 16:49:04.40,-31.853,-12.621,271.524
2024-07-15 16:49:04.50,-31.853,-14.424,284.108
2024-07-15 16:49:04.60,-31.252,-10.217,297.66
2024-07-15 16:49:04.70,-43.272,-12.621,308.308
2024-07-15 16:49:04.80,-40.267,-10.217,322.344
2024-07-15 16:49:04.90,-51.686,-3.606,332.508
2024-07-15 16:49:05.00,-68.514,-2.404,339.768
2024-07-15 16:49:05.10,-73.923,-21.636,352.836
2024-07-15 16:49:05.20,-72.12,-15.025,359.128
2024-07-15 16:49:05.30,-73.923,-6.01,373.164
2024-07-15 16:49:05.40,-75.726,-20.434,378.004
2024-07-15 16:49:05.50,-99.165,-30.05,404.14
2024-07-15 16:49:05.60,-101.569,-24.641,430.7599
2024-07-15 16:49:05.80,-98.564,-22.237,434.632
2024-07-15 16:49:05.90,-91.352,-14.424,454.96
2024-07-15 16:49:06.00,-83.539,-18.631,468.996
2024-07-15 16:49:06.10,-115.993,-52.888,485.936
2024-07-15 16:49:06.20,-135.225,-49.883,503.8439
2024-07-15 16:49:06.30,-131.619,-37.262,516.4279
2024-07-15 16:49:06.40,-131.619,-18.03,535.304
2024-07-15 16:49:06.50,-125.008,3.005,552.728
2024-07-15 16:49:06.60,-118.397,0.601,569.184
2024-07-15 16:49:06.70,-99.766,-21.035,571.6039
2024-07-15 16:49:06.80,-95.559,-28.247,578.3799
2024-07-15 16:49:06.90,-88.347,-60.701,597.7399
2024-07-15 16:49:07.00,-82.938,-47.479,601.612
2024-07-15 16:49:07.10,-106.377,-40.868,611.2919
2024-07-15 16:49:07.20,-103.372,-36.06,620.972
2024-07-15 16:49:07.30,-108.781,-33.055,628.716
2024-07-15 16:49:07.40,-107.579,-33.656,623.392
2024-07-15 16:49:07.50,-117.195,-30.651,637.4279
2024-07-15 16:49:07.60,-114.19,-27.646,650.9799
2024-07-15 16:49:07.70,-83.539,-20.434,657.7559
2024-07-15 16:49:07.80,-87.746,-35.459,666.468
2024-07-15 16:49:07.90,-89.549,-37.863,671.7919
2024-07-15 16:49:08.00,-100.968,-32.454,679.0519
2024-07-15 16:49:08.10,-106.377,-27.646,675.18
2024-07-15 16:49:08.20,-115.993,-28.247,686.796
2024-07-15 16:49:08.30,-115.392,-25.242,691.6359
2024-07-15 16:49:08.40,-122.003,-42.07,678.5679
2024-07-15 16:49:08.50,-75.726,-67.312,696.96
2024-07-15 16:49:08.60,-99.766,-59.499,708.576
2024-07-15 16:49:08.70,-108.18,-50.484,718.2559
2024-07-15 16:49:08.80,-129.215,-57.696,717.772
2024-07-15 16:49:08.90,-129.215,-67.913,734.228
2024-07-15 16:49:09.00,-131.018,-57.696,728.904
2024-07-15 16:49:09.10,-108.18,-48.681,725.5159
2024-07-15 16:49:09.20,-90.751,-49.883,729.388
2024-07-15 16:49:09.30,-109.983,-30.651,727.936
2024-07-15 16:49:09.40,-115.993,-30.651,719.7079
2024-07-15 16:49:09.50,-125.609,-42.671,722.128
2024-07-15 16:49:09.60,-136.427,-49.883,717.288
2024-07-15 16:49:09.70,-132.821,-60.1,710.996
2024-07-15 16:49:09.80,-140.634,-42.671,708.576
2024-07-15 16:49:09.90,-139.432,-13.823,723.58
2024-07-15 16:49:10.00,-148.447,-12.621,712.4479
2024-07-15 16:49:10.10,-125.609,-19.833,711.4799
2024-07-15 16:49:10.20,-134.023,-16.828,715.352
2024-07-15 16:49:10.30,-140.033,1.803,711.9639
2024-07-15 16:49:10.40,-146.644,9.015,737.132
2024-07-15 16:49:10.50,-180.901,12.02,758.4279
2024-07-15 16:49:10.60,-156.861,7.813,780.2079
2024-07-15 16:49:10.70,-141.235,-32.454,794.728
2024-07-15 16:49:10.80,-129.215,-31.853,796.18
2024-07-15 16:49:10.90,-139.432,-36.661,804.408
2024-07-15 16:49:11.00,-120.801,-6.01,826.6719
2024-07-15 16:49:11.10,-130.417,-7.212,812.6359
2024-07-15 16:49:11.20,-135.225,-28.247,812.6359
2024-07-15 16:49:11.30,-122.003,-25.843,816.508
2024-07-15 16:49:11.40,-133.422,-12.621,804.892
2024-07-15 16:49:11.50,-159.866,12.02,787.468
2024-07-15 16:49:11.60,-153.856,-2.404,793.2759
2024-07-15 16:49:11.70,-149.048,-11.419,785.048
2024-07-15 16:49:11.80,-188.714,3.606,770.044
2024-07-15 16:49:11.90,-186.911,13.222,771.9799
2024-07-15 16:49:12.00,-179.699,12.621,762.3
2024-07-15 16:49:12.10,-186.911,6.611,767.624
2024-07-15 16:49:12.20,-159.265,-21.035,757.46
2024-07-15 16:49:12.30,-173.689,-23.439,745.3599
2024-07-15 16:49:12.40,-172.487,-37.863,734.228
2024-07-15 16:49:12.50,-162.871,-39.065,738.0999
2024-07-15 16:49:12.60,-173.088,-48.08,726.968
2024-07-15 16:49:12.70,-159.265,-35.459,724.064
2024-07-15 16:49:12.80,-172.487,-16.828,725.9999
2024-07-15 16:49:12.90,-176.694,4.207,730.356
2024-07-15 16:49:13.00,-158.664,7.813,730.84
2024-07-15 16:49:13.10,-177.295,18.03,734.228
2024-07-15 16:49:13.20,-173.088,18.03,745.3599
2024-07-15 16:49:13.30,-152.053,-14.424,751.168
2024-07-15 16:49:13.40,-154.457,-3.606,746.3279
2024-07-15 16:49:13.50,-175.492,33.055,733.2599
2024-07-15 16:49:13.60,-174.891,37.863,725.5159
2024-07-15 16:49:13.70,-186.31,21.636,726.968
2024-07-15 16:49:13.80,-186.31,27.646,708.092
2024-07-15 16:49:13.90,-195.325,31.252,714.384
2024-07-15 16:49:14.00,-197.729,25.843,706.64
2024-07-15 16:49:14.10,-191.118,-28.247,708.092
2024-07-15 16:49:14.20,-189.315,-22.237,718.7399
2024-07-15 16:49:14.30,-203.138,15.626,729.872
2024-07-15 16:49:14.40,-197.729,29.449,744.392
2024-07-15 16:49:14.50,-191.719,9.616,762.3
2024-07-15 16:49:14.60,-200.734,-24.641,768.592
2024-07-15 16:49:14.70,-201.936,-55.292,795.696
2024-07-15 16:49:14.80,-209.749,-63.105,801.988
2024-07-15 16:49:14.90,-221.769,-32.454,802.472
2024-07-15 16:49:15.00,-244.006,-13.823,796.18
2024-07-15 16:49:15.10,-219.966,-19.232,807.312
2024-07-15 16:49:15.20,-260.834,-40.267,718.2559
2024-07-15 16:49:15.40,-225.976,-78.731,656.788
2024-07-15 16:49:15.40,-188.714,-38.464,596.772
2024-07-15 16:49:15.50,-174.891,-40.267,542.08
2024-07-15 16:49:15.60,-150.25,-34.858,499.488
2024-07-15 16:49:15.70,-153.255,-47.479,482.548
2024-07-15 16:49:15.80,-128.614,-49.282,465.608
2024-07-15 16:49:16.00,-129.816,-40.868,454.476
2024-07-15 16:49:16.10,-138.23,-43.873,461.252
2024-07-15 16:49:16.10,-122.003,-51.085,480.128
2024-07-15 16:49:16.30,-131.619,-36.661,514.008
2024-07-15 16:49:16.40,-133.422,-7.212,545.468
2024-07-15 16:49:16.50,-166.477,-1.803,566.28
2024-07-15 16:49:16.60,-160.467,-21.636,566.28
2024-07-15 16:49:16.70,-158.063,-22.838,575.96
2024-07-15 16:49:16.80,-156.861,-18.631,575.96
2024-07-15 16:49:16.90,-151.452,-22.237,572.088
2024-07-15 16:49:17.00,-148.447,-1.202,594.836
2024-07-15 16:49:17.10,-115.392,31.252,615.648
2024-07-15 16:49:17.20,-123.806,9.015,622.424
2024-07-15 16:49:17.30,-105.175,-18.03,629.2
2024-07-15 16:49:17.40,-125.609,-28.247,633.556
2024-07-15 16:49:17.50,-118.998,-29.449,623.392
2024-07-15 16:49:17.60,-128.614,-31.853,614.196
2024-07-15 16:49:17.70,-127.412,-36.06,601.128
2024-07-15 16:49:17.80,-115.993,-49.883,603.064
2024-07-15 16:49:17.90,-90.15,-33.055,604.9999
2024-07-15 16:49:18.00,-99.165,-36.06,595.804
2024-07-15 16:49:18.10,-103.973,-29.449,602.096
2024-07-15 16:49:18.20,-100.367,-24.641,595.804
2024-07-15 16:49:18.30,-103.973,-30.05,586.608
2024-07-15 16:49:18.40,-95.559,-48.681,581.284
2024-07-15 16:49:18.50,-101.569,-47.479,592.9
2024-07-15 16:49:18.60,-105.175,-49.282,608.388
2024-07-15 16:49:18.70,-121.402,-64.908,616.616
2024-07-15 16:49:18.80,-114.19,-83.539,641.784
2024-07-15 16:49:18.90,-126.811,-100.367,668.404
2024-07-15 16:49:19.00,-123.806,-105.175,698.8959
2024-07-15 16:49:19.10,-126.811,-118.397,729.388
2024-07-15 16:49:19.20,-140.634,-114.791,753.588
2024-07-15 16:49:19.30,-185.709,-117.195,770.044
2024-07-15 16:49:19.40,-146.644,-127.412,777.304
2024-07-15 16:49:19.50,-176.694,-132.22,750.684
2024-07-15 16:49:19.60,-163.472,-135.826,737.616
2024-07-15 16:49:19.70,-140.634,-114.19,728.42
2024-07-15 16:49:19.80,-153.856,-98.564,709.544
2024-07-15 16:49:19.90,-172.487,-100.367,699.864
2024-07-15 16:49:20.00,-203.739,-109.983,675.18
2024-07-15 16:49:20.10,-186.31,-121.402,699.3799
2024-07-15 16:49:20.20,-208.547,-125.008,732.7759
2024-07-15 16:49:20.30,-204.941,-164.073,744.8759
2024-07-15 16:49:20.40,-227.178,-146.644,750.684
2024-07-15 16:49:20.50,-198.33,-167.679,762.3
2024-07-15 16:49:20.60,-195.325,-187.512,760.848
2024-07-15 16:49:20.70,-191.118,-174.29,762.3
2024-07-15 16:49:20.80,-164.073,-158.664,764.72
2024-07-15 16:49:20.90,-168.881,-159.265,738.5839
2024-07-15 16:49:21.00,-195.926,-152.053,734.712
2024-07-15 16:49:21.10,-209.749,-150.851,748.264
2024-07-15 16:49:21.20,-203.138,-136.427,734.228
2024-07-15 16:49:21.30,-213.956,-113.589,704.22
2024-07-15 16:49:21.40,-187.512,-121.402,667.436
2024-07-15 16:49:21.50,-182.103,-105.776,624.3599
2024-07-15 16:49:21.60,-157.462,-97.362,568.7
2024-07-15 16:49:21.70,-121.402,-91.352,512.556
2024-07-15 16:49:21.80,-126.811,-97.963,469.9639
2024-07-15 16:49:21.90,-97.362,-89.549,421.564
2024-07-15 16:49:22.00,-94.357,-85.342,375.1
2024-07-15 16:49:22.10,-41.469,-100.367,311.212
2024-07-15 16:49:22.20,-5.409,-103.372,264.748
2024-07-15 16:49:22.30,-10.217,-82.337,226.028
2024-07-15 16:49:22.40,-6.611,-62.504,190.696
2024-07-15 16:49:22.50,-0.601,-49.883,163.592
2024-07-15 16:49:22.60,-1.202,-42.07,136.972
2024-07-15 16:49:22.70,-0.601,-37.863,114.224
2024-07-15 16:49:22.80,-4.207,-34.257,92.444
2024-07-15 16:49:22.90,-2.404,-28.848,76.472
2024-07-15 16:49:23.00,7.212,-24.04,62.92
2024-07-15 16:49:23.10,4.808,-14.424,48.884
2024-07-15 16:49:23.30,3.005,-3.005,22.748
2024-07-15 16:49:23.30,3.606,-3.606,15.972
2024-07-15 16:49:23.40,0.601,-1.803,14.0359
2024-07-15 16:49:23.50,0.601,-1.803,12.584
2024-07-15 16:49:23.60,0.601,-1.202,13.552
2024-07-15 16:49:23.70,0.0,-1.803,11.616
2024-07-15 16:49:23.80,0.0,-1.202,11.132
2024-07-15 16:49:23.90,1.202,-0.601,11.616
2024-07-15 16:49:24.00,0.0,-0.601,10.164
2024-07-15 16:49:24.10,1.202,0.0,9.68
2024-07-15 16:49:24.20,1.202,-1.202,7.744
2024-07-15 16:49:24.30,1.202,-1.202,9.196
2024-07-15 16:49:24.40,0.601,-0.601,8.712
2024-07-15 16:49:24.50,1.202,-0.601,25.168
2024-07-15 16:49:24.60,2.404,-3.606,29.524
2024-07-15 16:49:24.70,-11.419,2.404,105.028
2024-07-15 16:49:24.80,-19.232,6.01,159.72
2024-07-15 16:49:24.90,-16.227,15.025,213.928
2024-07-15 16:49:25.00,-30.651,15.025,245.388
2024-07-15 16:49:25.10,-48.681,11.419,260.876
2024-07-15 16:49:25.20,-66.11,4.207,283.624
2024-07-15 16:49:25.30,-34.858,0.0,309.7599
2024-07-15 16:49:25.40,-58.898,13.222,324.28
2024-07-15 16:49:25.50,-53.489,9.616,340.252
2024-07-15 16:49:25.60,-62.504,5.409,347.996
2024-07-15 16:49:25.70,-65.509,-0.601,355.256
2024-07-15 16:49:25.80,-70.317,-6.01,357.676
2024-07-15 16:49:25.90,-70.317,0.0,356.224
2024-07-15 16:49:26.00,-75.726,9.616,360.0959
2024-07-15 16:49:26.10,-91.953,19.833,373.6479
2024-07-15 16:49:26.20,-126.21,14.424,375.584
2024-07-15 16:49:26.30,-103.372,-6.01,389.136
2024-07-15 16:49:26.50,-103.973,1.202,409.948
2024-07-15 16:49:26.60,-114.791,13.823,437.0519
2024-07-15 16:49:26.70,-106.978,22.838,470.9319
2024-07-15 16:49:26.80,-131.018,33.055,502.392
2024-07-15 16:49:26.90,-135.826,29.449,533.368
2024-07-15 16:49:27.00,-149.649,0.0,559.02
2024-07-15 16:49:27.10,-179.098,16.828,564.3439
2024-07-15 16:49:27.20,-170.684,22.237,604.0319
2024-07-15 16:49:27.30,-169.482,5.409,614.68
2024-07-15 16:49:27.40,-179.699,-15.025,634.524
2024-07-15 16:49:27.50,-225.976,20.434,620.972
2024-07-15 16:49:27.60,-221.168,25.843,639.848
2024-07-15 16:49:27.70,-213.355,13.222,655.82
2024-07-15 16:49:27.80,-218.163,19.232,659.692
2024-07-15 16:49:27.90,-253.021,29.449,660.176
2024-07-15 16:49:28.00,-252.42,21.636,658.2399
2024-07-15 16:49:28.10,-237.395,12.621,657.272
2024-07-15 16:49:28.20,-225.976,4.207,654.368
2024-07-15 16:49:28.30,-225.375,28.848,626.296
2024-07-15 16:49:28.40,-205.542,31.252,584.1879
2024-07-15 16:49:28.50,-198.33,25.843,520.784
2024-07-15 16:49:28.60,-149.649,23.439,479.644
2024-07-15 16:49:28.70,-110.584,-4.808,423.0159
2024-07-15 16:49:28.80,-102.17,7.212,360.58
2024-07-15 16:49:28.90,-93.756,5.409,321.86
2024-07-15 16:49:29.00,-78.13,-11.419,283.624
2024-07-15 16:49:29.10,-21.636,-12.02,229.416
2024-07-15 16:49:29.20,-26.444,-13.222,184.404
2024-07-15 16:49:29.30,-15.025,-17.429,141.328
2024-07-15 16:49:29.40,-18.631,-19.232,70.664
2024-07-15 16:49:29.50,-4.207,-4.808,18.392
2024-07-15 16:49:29.60,-1.202,-0.601,17.424
2024-07-15 16:49:29.70,-0.601,0.0,14.52
2024-07-15 16:49:29.80,0.0,0.0,14.0359
2024-07-15 16:49:29.90,0.0,-0.601,11.616
2024-07-15 16:49:30.00,0.0,0.0,10.6479
2024-07-15 16:49:30.10,-0.601,0.0,10.164
2024-07-15 16:49:30.20,-0.601,0.601,9.68
2024-07-15 16:49:30.30,-0.601,1.202,10.164
2024-07-15 16:49:30.40,0.0,1.202,9.196
2024-07-15 16:49:30.50,0.0,0.601,9.196
2024-07-15 16:49:30.60,0.0,1.202,8.712
2024-07-15 16:49:30.70,0.0,-0.601,7.2599
2024-07-15 16:49:30.80,0.0,0.601,7.744
2024-07-15 16:49:30.90,0.601,1.202,7.744
2024-07-15 16:49:31.00,0.0,-0.601,7.744
2024-07-15 16:49:31.10,0.601,1.202,6.292
2024-07-15 16:49:31.20,0.0,-0.601,7.744
2024-07-15 16:49:31.30,0.601,0.0,7.2599
2024-07-15 16:49:31.40,0.0,0.0,8.712
2024-07-15 16:49:31.50,0.601,0.601,6.292
2024-07-15 16:49:31.60,0.601,1.202,6.292
2024-07-15 16:49:31.70,0.0,0.601,6.776
2024-07-15 16:49:31.80,1.202,0.601,7.2599
2024-07-15 16:49:31.90,0.601,0.0,7.744
2024-07-15 16:49:32.00,1.803,0.0,6.776
2024-07-15 16:49:32.10,0.601,0.601,6.776
2024-07-15 16:49:32.20,0.601,0.0,6.292
2024-07-15 16:49:32.30,0.601,0.601,7.2599
2024-07-15 16:49:32.40,1.202,0.601,7.2599
2024-07-15 16:49:32.50,1.202,0.601,5.808
2024-07-15 16:49:32.60,1.202,0.601,6.292
2024-07-15 16:49:32.70,1.202,0.601,5.808
2024-07-15 16:49:32.80,0.0,0.0,5.808
2024-07-15 16:49:32.90,1.202,0.0,7.2599
2024-07-15 16:49:33.00,1.202,0.0,5.324
2024-07-15 16:49:33.10,1.202,1.202,5.324
2024-07-15 16:49:33.20,1.202,1.202,4.84
2024-07-15 16:49:33.30,1.202,-0.601,5.808
2024-07-15 16:49:33.40,0.601,1.202,4.84
2024-07-15 16:49:33.50,1.202,0.0,5.324
2024-07-15 16:49:33.60,1.202,0.601,5.808
2024-07-15 16:49:33.70,1.202,0.601,4.356
2024-07-15 16:49:33.80,0.601,1.202,5.324
2024-07-15 16:49:33.90,0.601,0.0,3.8719
2024-07-15 16:49:34.00,1.803,1.202,5.808
2024-07-15 16:49:34.10,1.202,0.601,5.324
2024-07-15 16:49:34.20,0.601,0.601,5.324
2024-07-15 16:49:34.30,1.202,0.601,5.808
2024-07-15 16:49:34.40,1.202,1.202,4.356
2024-07-15 16:49:34.50,1.202,1.803,3.8719
2024-07-15 16:49:34.60,1.803,1.202,3.8719
2024-07-15 16:49:34.70,1.202,0.601,5.324
2024-07-15 16:49:34.80,0.0,1.202,4.84
2024-07-15 16:49:34.90,0.601,0.601,5.324
2024-07-15 16:49:35.00,0.601,0.0,3.388
2024-07-15 16:49:35.10,1.202,1.202,5.324
2024-07-15 16:49:35.20,1.803,1.202,4.84
2024-07-15 16:49:35.30,1.202,0.601,3.8719
2024-07-15 16:49:35.40,1.202,0.601,5.324
2024-07-15 16:49:35.50,1.803,1.803,5.324
2024-07-15 16:49:35.60,1.202,1.202,4.356
2024-07-15 16:49:35.70,1.202,0.601,6.292
2024-07-15 16:49:35.90,1.202,0.0,4.84
2024-07-15 16:49:35.90,1.202,0.601,4.84
2024-07-15 16:49:36.00,0.601,0.601,4.84
2024-07-15 16:49:36.10,0.601,0.601,3.388
2024-07-15 16:49:36.20,1.803,1.202,4.356
2024-07-15 16:49:36.30,0.601,0.601,4.356
2024-07-15 16:49:36.50,1.803,0.601,3.8719
2024-07-15 16:49:36.60,1.202,1.202,3.388
2024-07-15 16:49:36.70,1.803,0.0,2.904
2024-07-15 16:49:36.80,0.601,0.601,4.84
2024-07-15 16:49:36.90,0.601,1.202,4.84
2024-07-15 16:49:37.00,1.803,0.0,4.356
2024-07-15 16:49:37.10,0.601,-0.601,3.8719
2024-07-15 16:49:37.20,1.202,0.0,5.324
2024-07-15 16:49:37.30,1.803,1.202,4.356
2024-07-15 16:49:37.40,1.202,0.0,3.388
2024-07-15 16:49:37.50,0.601,0.0,3.388
2024-07-15 16:49:37.60,0.601,0.0,3.388
2024-07-15 16:49:37.70,0.601,0.601,4.356
2024-07-15 16:49:37.80,0.601,0.601,3.388
2024-07-15 16:49:37.90,0.601,0.601,3.8719
2024-07-15 16:49:38.00,1.202,1.202,4.356
2024-07-15 16:49:38.10,0.601,1.202,3.8719
2024-07-15 16:49:38.20,1.803,1.202,3.388
2024-07-15 16:49:38.30,0.601,1.202,3.8719
2024-07-15 16:49:38.40,0.601,0.601,4.356
2024-07-15 16:49:38.50,1.202,1.202,3.8719
2024-07-15 16:49:38.60,0.601,1.202,3.388
2024-07-15 16:49:38.70,1.202,1.202,4.356
2024-07-15 16:49:38.80,1.202,1.202,4.84
2024-07-15 16:49:38.90,1.202,0.0,2.904
2024-07-15 16:49:39.00,1.803,0.601,2.904
2024-07-15 16:49:39.10,1.202,0.0,3.388
2024-07-15 16:49:39.20,1.202,1.202,3.388
2024-07-15 16:49:39.30,1.202,0.601,4.84
2024-07-15 16:49:39.40,1.202,2.404,2.904
2024-07-15 16:49:39.50,0.601,0.0,2.904
2024-07-15 16:49:39.60,1.202,1.202,3.8719
2024-07-15 16:49:39.70,1.202,1.202,3.388
2024-07-15 16:49:39.80,0.601,0.0,2.904
2024-07-15 16:49:39.90,1.803,0.601,2.904
2024-07-15 16:49:40.00,1.202,0.0,3.388
2024-07-15 16:49:40.10,1.803,1.202,3.8719
2024-07-15 16:49:40.20,1.803,1.202,3.8719
2024-07-15 16:49:40.30,1.803,1.202,3.8719
2024-07-15 16:49:40.40,0.601,0.601,3.8719
2024-07-15 16:49:40.50,1.803,1.202,3.388
2024-07-15 16:49:40.60,1.202,0.601,2.42
2024-07-15 16:49:40.70,1.202,0.601,3.388
2024-07-15 16:49:40.80,2.404,0.0,2.904
2024-07-15 16:49:40.90,0.601,1.202,3.8719
2024-07-15 16:49:41.00,1.202,0.601,2.904
2024-07-15 16:49:41.10,1.202,0.0,4.84
2024-07-15 16:49:41.20,1.803,0.601,2.904
2024-07-15 16:49:41.30,1.202,0.601,2.42
2024-07-15 16:49:41.40,1.202,1.202,2.42
2024-07-15 16:49:41.50,1.202,1.803,2.904
2024-07-15 16:49:41.60,1.803,0.0,2.42
2024-07-15 16:49:41.70,1.202,1.202,2.904
2024-07-15 16:49:41.80,1.202,1.202,2.904
2024-07-15 16:49:41.90,1.803,1.202,2.904
2024-07-15 16:49:42.00,1.202,1.202,2.42
2024-07-15 16:49:42.10,1.803,0.0,2.42
2024-07-15 16:49:42.20,1.803,1.202,3.8719
2024-07-15 16:49:42.30,2.404,1.202,2.42
2024-07-15 16:49:42.40,1.803,1.202,3.388
2024-07-15 16:49:42.50,1.202,0.601,2.904
2024-07-15 16:49:42.60,0.0,0.601,3.388
2024-07-15 16:49:42.70,1.202,1.202,2.42
2024-07-15 16:49:42.80,1.202,0.601,2.42
2024-07-15 16:49:42.90,1.202,1.803,2.42
2024-07-15 16:49:43.00,1.202,0.0,3.388
2024-07-15 16:49:43.10,0.601,0.601,3.388
2024-07-15 16:49:43.20,1.202,0.601,1.452
2024-07-15 16:49:43.30,1.202,0.601,2.42
2024-07-15 16:49:43.40,0.601,0.601,3.8719
2024-07-15 16:49:43.50,1.202,0.601,2.42
2024-07-15 16:49:43.60,1.803,0.601,2.42
2024-07-15 16:49:43.70,1.202,0.601,3.388
2024-07-15 16:49:43.80,1.202,1.202,2.42
2024-07-15 16:49:43.90,1.803,0.601,3.388
2024-07-15 16:49:44.00,1.202,0.601,1.936
2024-07-15 16:49:44.10,1.803,0.601,2.904
2024-07-15 16:49:44.20,0.601,1.803,3.388
2024-07-15 16:49:44.30,1.202,0.601,3.8719
2024-07-15 16:49:44.40,1.202,1.202,2.904
2024-07-15 16:49:44.50,1.803,0.601,3.388
2024-07-15 16:49:44.60,1.202,1.202,2.42
2024-07-15 16:49:44.70,1.803,0.601,1.936
2024-07-15 16:49:44.80,1.202,1.202,3.388
2024-07-15 16:49:44.90,1.202,0.601,1.936
2024-07-15 16:49:45.00,0.601,1.202,2.42
2024-07-15 16:49:45.10,1.803,1.803,1.452
2024-07-15 16:49:45.20,1.202,1.202,1.452
2024-07-15 16:49:45.30,1.803,1.202,2.904
2024-07-15 16:49:45.40,1.202,0.0,1.936
2024-07-15 16:49:45.50,0.601,0.0,2.904
2024-07-15 16:49:45.60,2.404,0.601,3.388
2024-07-15 16:49:45.70,1.202,1.202,3.8719
2024-07-15 16:49:45.80,0.601,1.202,2.42
2024-07-15 16:49:45.90,1.803,0.601,1.936
2024-07-15 16:49:46.00,1.803,-0.601,3.388
2024-07-15 16:49:46.10,0.601,1.803,1.936
2024-07-15 16:49:46.20,1.803,0.601,3.8719
2024-07-15 16:49:46.40,1.202,1.803,3.388
2024-07-15 16:49:46.40,1.803,1.202,1.936
2024-07-15 16:49:46.50,0.601,1.202,2.42
2024-07-15 16:49:46.70,1.202,1.803,2.904
2024-07-15 16:49:46.80,0.601,0.601,3.388
2024-07-15 16:49:46.90,1.202,0.601,1.452
2024-07-15 16:49:47.00,1.202,0.601,2.42
2024-07-15 16:49:47.00,0.601,1.803,1.936
2024-07-15 16:49:47.20,0.601,1.202,0.968
2024-07-15 16:49:47.30,1.202,1.202,1.936
2024-07-15 16:49:47.40,0.601,4.207,8.712
